sample_size,estimated_time,model
5000,643.7482068008695,O(n)
10000,1281.262723507531,O(n)
50000,6381.378857160823,O(n)
100000,12756.524024227438,O(n)
