sample_size,estimated_time,model
5000,14178.064965295065,O(n log n)
10000,30494.80797747607,O(n log n)
50000,178409.3578343455,O(n log n)
100000,379513.6147828238,O(n log n)
