sample_size,estimated_time,model
5000,2.0595543106481102,O(n log n)
10000,4.441363968336231,O(n log n)
50000,26.03294649793024,O(n log n)
100000,55.388808819503545,O(n log n)
