sample_size,estimated_time,model
5000,1.4900713478167884,O(n)
10000,2.98290892955978,O(n)
50000,14.925609583503713,O(n)
100000,29.853985400933627,O(n)
