sample_size,estimated_time,model
5000,6.74989282383156,O(n log n)
10000,14.547992211125656,O(n log n)
50000,85.2393280830974,O(n log n)
100000,181.35109387614966,O(n log n)
