sample_size,estimated_time,model
5000,2.140861574338661,O(n)
10000,4.265726917077365,O(n)
50000,21.264649658987,O(n)
100000,42.513303086374044,O(n)
