sample_size,estimated_time,model
5000,15.878115366741417,O(n)
10000,31.621783547930413,O(n)
50000,157.5711289974424,O(n)
100000,315.00781080933234,O(n)
