sample_size,estimated_time,model
5000,9.14871783179833,O(n)
10000,18.32092697423732,O(n)
50000,91.69860011374925,O(n)
100000,183.42069153813918,O(n)
